{"cameraMode":{"drawMode":0,"name":"Shaded","section":"Shading Mode"},"sceneLighting":false,"audioPlay":false,"sceneViewState":{"showFog":true,"showMaterialUpdate":false,"showSkybox":false,"showFlares":true,"showImageEffects":true,"showParticleSystems":true},"in2DMode":false,"pivot":{"x":-0.16941523551940919,"y":2.5267913341522219,"z":0.2273491621017456},"rotation":{"x":-0.16121980547904969,"y":0.029602767899632455,"z":-0.004838047549128532,"w":-0.9864625930786133},"size":11.679570198059082,"orthographic":false}