{"cameraMode":{"drawMode":0,"name":"Shaded","section":"Shading Mode"},"sceneLighting":true,"audioPlay":false,"sceneViewState":{"showFog":true,"showMaterialUpdate":false,"showSkybox":true,"showFlares":true,"showImageEffects":true,"showParticleSystems":true},"in2DMode":false,"pivot":{"x":0.7211825847625732,"y":1.586817979812622,"z":-0.13897079229354859},"rotation":{"x":-0.0856752097606659,"y":0.025997988879680635,"z":-0.0022362929303199054,"w":-0.9959813952445984},"size":22.0,"orthographic":false}