{"cameraMode":{"drawMode":0,"name":"Shaded","section":"Shading Mode"},"sceneLighting":true,"audioPlay":false,"sceneViewState":{"showFog":true,"showMaterialUpdate":false,"showSkybox":true,"showFlares":true,"showImageEffects":true,"showParticleSystems":true},"in2DMode":false,"pivot":{"x":1.6631238460540772,"y":1.0955373048782349,"z":-4.551194667816162},"rotation":{"x":-0.07893138378858566,"y":0.8539775609970093,"z":-0.13589581847190858,"w":-0.4960095286369324},"size":6.0073957443237309,"orthographic":false}